# Version,,,,,,,,,,,,,,,,,,,,,,
MajorVersion, MinorVersion,,,,,,,,,,,,,,,,,,,,,
1,2,,,,,,,,,,,,,,,,,,,,,
,,,,,,,,,,,,,,,,,,,,,,
# Detector Count (1),,,,,,,,,,,,,,,,,,,,,,
DetectorCount,,,,,,,,,,,,,,,,,,,,,,
1,,,,,,,,,,,,,,,,,,,,,,
,,,,,,,,,,,,,,,,,,,,,,
# Detector Parameters (7),,,,,,,,,,,,,,,,,,,,,,
DetectorIndex, DetectorPageCount, DetectorCellXSize, DetectorCellYSize, DetectorNormalizer, DarkFieldPageCount, FlatFieldPageCount,,,,,,,,,,,,,,,,
0,360,0.18,0.18,4.00E-05,1,1,,,,,,,,,,,,,,,,
,,,,,,,,,,,,,,,,,,,,,,
# Page Parameters (23),,,,,,,,,,,,,,,,,,,,,,
PageIndex, SourceLocationX, SourceLocationY, SourceLocationZ, SourceEulerAngle0, SourceEulerAngle1, SourceEulerAngle2, SourceEulerSequence, DetectorLocationX, DetectorLocationY, DetectorLocationZ, DetectorEulerAngle0, DetectorEulerAngle1, DetectorEulerAngle2, DetectorEulerSequence, ObjectLocationX, ObjectLocationY, ObjectLocationZ, ObjectEulerAngle0, ObjectEulerAngle1, ObjectEulerAngle2, ObjectEulerSequence, FilteringAngle
0,0,0,0,0,0,0, EEulerSequence_Extrinsic_XYZ,0,0,60,0,0,0, EEulerSequence_Extrinsic_XYZ,-4,0,10,0,0,0, EEulerSequence_Extrinsic_XYZ,88.18
1,0,0,0,0,0,0, EEulerSequence_Extrinsic_XYZ,0,0,60,0,0,0, EEulerSequence_Extrinsic_XYZ,-3.977778,0,10,4,0,0, EEulerSequence_Extrinsic_XYZ,88.18
2,0,0,0,0,0,0, EEulerSequence_Extrinsic_XYZ,0,0,60,0,0,0, EEulerSequence_Extrinsic_XYZ,-3.955555,0,10,8,0,0, EEulerSequence_Extrinsic_XYZ,88.18
3,0,0,0,0,0,0, EEulerSequence_Extrinsic_XYZ,0,0,60,0,0,0, EEulerSequence_Extrinsic_XYZ,-3.933333,0,10,12,0,0, EEulerSequence_Extrinsic_XYZ,88.18
4,0,0,0,0,0,0, EEulerSequence_Extrinsic_XYZ,0,0,60,0,0,0, EEulerSequence_Extrinsic_XYZ,-3.911111,0,10,16,0,0, EEulerSequence_Extrinsic_XYZ,88.18
5,0,0,0,0,0,0, EEulerSequence_Extrinsic_XYZ,0,0,60,0,0,0, EEulerSequence_Extrinsic_XYZ,-3.888889,0,10,20,0,0, EEulerSequence_Extrinsic_XYZ,88.18
6,0,0,0,0,0,0, EEulerSequence_Extrinsic_XYZ,0,0,60,0,0,0, EEulerSequence_Extrinsic_XYZ,-3.866667,0,10,24,0,0, EEulerSequence_Extrinsic_XYZ,88.18
7,0,0,0,0,0,0, EEulerSequence_Extrinsic_XYZ,0,0,60,0,0,0, EEulerSequence_Extrinsic_XYZ,-3.844445,0,10,28,0,0, EEulerSequence_Extrinsic_XYZ,88.18
8,0,0,0,0,0,0, EEulerSequence_Extrinsic_XYZ,0,0,60,0,0,0, EEulerSequence_Extrinsic_XYZ,-3.822222,0,10,32,0,0, EEulerSequence_Extrinsic_XYZ,88.18
9,0,0,0,0,0,0, EEulerSequence_Extrinsic_XYZ,0,0,60,0,0,0, EEulerSequence_Extrinsic_XYZ,-3.8,0,10,36,0,0, EEulerSequence_Extrinsic_XYZ,88.18
10,0,0,0,0,0,0, EEulerSequence_Extrinsic_XYZ,0,0,60,0,0,0, EEulerSequence_Extrinsic_XYZ,-3.777778,0,10,40,0,0, EEulerSequence_Extrinsic_XYZ,88.18
11,0,0,0,0,0,0, EEulerSequence_Extrinsic_XYZ,0,0,60,0,0,0, EEulerSequence_Extrinsic_XYZ,-3.755556,0,10,44,0,0, EEulerSequence_Extrinsic_XYZ,88.18
12,0,0,0,0,0,0, EEulerSequence_Extrinsic_XYZ,0,0,60,0,0,0, EEulerSequence_Extrinsic_XYZ,-3.733333,0,10,48,0,0, EEulerSequence_Extrinsic_XYZ,88.18
13,0,0,0,0,0,0, EEulerSequence_Extrinsic_XYZ,0,0,60,0,0,0, EEulerSequence_Extrinsic_XYZ,-3.711111,0,10,52,0,0, EEulerSequence_Extrinsic_XYZ,88.18
14,0,0,0,0,0,0, EEulerSequence_Extrinsic_XYZ,0,0,60,0,0,0, EEulerSequence_Extrinsic_XYZ,-3.688889,0,10,56,0,0, EEulerSequence_Extrinsic_XYZ,88.18
15,0,0,0,0,0,0, EEulerSequence_Extrinsic_XYZ,0,0,60,0,0,0, EEulerSequence_Extrinsic_XYZ,-3.666667,0,10,60,0,0, EEulerSequence_Extrinsic_XYZ,88.18
16,0,0,0,0,0,0, EEulerSequence_Extrinsic_XYZ,0,0,60,0,0,0, EEulerSequence_Extrinsic_XYZ,-3.644444,0,10,64,0,0, EEulerSequence_Extrinsic_XYZ,88.18
17,0,0,0,0,0,0, EEulerSequence_Extrinsic_XYZ,0,0,60,0,0,0, EEulerSequence_Extrinsic_XYZ,-3.622222,0,10,68,0,0, EEulerSequence_Extrinsic_XYZ,88.18
18,0,0,0,0,0,0, EEulerSequence_Extrinsic_XYZ,0,0,60,0,0,0, EEulerSequence_Extrinsic_XYZ,-3.6,0,10,72,0,0, EEulerSequence_Extrinsic_XYZ,88.18
19,0,0,0,0,0,0, EEulerSequence_Extrinsic_XYZ,0,0,60,0,0,0, EEulerSequence_Extrinsic_XYZ,-3.577778,0,10,76,0,0, EEulerSequence_Extrinsic_XYZ,88.18
20,0,0,0,0,0,0, EEulerSequence_Extrinsic_XYZ,0,0,60,0,0,0, EEulerSequence_Extrinsic_XYZ,-3.555556,0,10,80,0,0, EEulerSequence_Extrinsic_XYZ,88.18
21,0,0,0,0,0,0, EEulerSequence_Extrinsic_XYZ,0,0,60,0,0,0, EEulerSequence_Extrinsic_XYZ,-3.533333,0,10,84,0,0, EEulerSequence_Extrinsic_XYZ,88.18
22,0,0,0,0,0,0, EEulerSequence_Extrinsic_XYZ,0,0,60,0,0,0, EEulerSequence_Extrinsic_XYZ,-3.511111,0,10,88,0,0, EEulerSequence_Extrinsic_XYZ,88.18
23,0,0,0,0,0,0, EEulerSequence_Extrinsic_XYZ,0,0,60,0,0,0, EEulerSequence_Extrinsic_XYZ,-3.488889,0,10,92,0,0, EEulerSequence_Extrinsic_XYZ,88.18
24,0,0,0,0,0,0, EEulerSequence_Extrinsic_XYZ,0,0,60,0,0,0, EEulerSequence_Extrinsic_XYZ,-3.466667,0,10,96,0,0, EEulerSequence_Extrinsic_XYZ,88.18
25,0,0,0,0,0,0, EEulerSequence_Extrinsic_XYZ,0,0,60,0,0,0, EEulerSequence_Extrinsic_XYZ,-3.444444,0,10,100,0,0, EEulerSequence_Extrinsic_XYZ,88.18
26,0,0,0,0,0,0, EEulerSequence_Extrinsic_XYZ,0,0,60,0,0,0, EEulerSequence_Extrinsic_XYZ,-3.422222,0,10,104,0,0, EEulerSequence_Extrinsic_XYZ,88.18
27,0,0,0,0,0,0, EEulerSequence_Extrinsic_XYZ,0,0,60,0,0,0, EEulerSequence_Extrinsic_XYZ,-3.4,0,10,108,0,0, EEulerSequence_Extrinsic_XYZ,88.18
28,0,0,0,0,0,0, EEulerSequence_Extrinsic_XYZ,0,0,60,0,0,0, EEulerSequence_Extrinsic_XYZ,-3.377778,0,10,112,0,0, EEulerSequence_Extrinsic_XYZ,88.18
29,0,0,0,0,0,0, EEulerSequence_Extrinsic_XYZ,0,0,60,0,0,0, EEulerSequence_Extrinsic_XYZ,-3.355556,0,10,116,0,0, EEulerSequence_Extrinsic_XYZ,88.18
30,0,0,0,0,0,0, EEulerSequence_Extrinsic_XYZ,0,0,60,0,0,0, EEulerSequence_Extrinsic_XYZ,-3.333333,0,10,120,0,0, EEulerSequence_Extrinsic_XYZ,88.18
31,0,0,0,0,0,0, EEulerSequence_Extrinsic_XYZ,0,0,60,0,0,0, EEulerSequence_Extrinsic_XYZ,-3.311111,0,10,124,0,0, EEulerSequence_Extrinsic_XYZ,88.18
32,0,0,0,0,0,0, EEulerSequence_Extrinsic_XYZ,0,0,60,0,0,0, EEulerSequence_Extrinsic_XYZ,-3.288889,0,10,128,0,0, EEulerSequence_Extrinsic_XYZ,88.18
33,0,0,0,0,0,0, EEulerSequence_Extrinsic_XYZ,0,0,60,0,0,0, EEulerSequence_Extrinsic_XYZ,-3.266667,0,10,132,0,0, EEulerSequence_Extrinsic_XYZ,88.18
34,0,0,0,0,0,0, EEulerSequence_Extrinsic_XYZ,0,0,60,0,0,0, EEulerSequence_Extrinsic_XYZ,-3.244444,0,10,136,0,0, EEulerSequence_Extrinsic_XYZ,88.18
35,0,0,0,0,0,0, EEulerSequence_Extrinsic_XYZ,0,0,60,0,0,0, EEulerSequence_Extrinsic_XYZ,-3.222222,0,10,140,0,0, EEulerSequence_Extrinsic_XYZ,88.18
36,0,0,0,0,0,0, EEulerSequence_Extrinsic_XYZ,0,0,60,0,0,0, EEulerSequence_Extrinsic_XYZ,-3.2,0,10,144,0,0, EEulerSequence_Extrinsic_XYZ,88.18
37,0,0,0,0,0,0, EEulerSequence_Extrinsic_XYZ,0,0,60,0,0,0, EEulerSequence_Extrinsic_XYZ,-3.177778,0,10,148,0,0, EEulerSequence_Extrinsic_XYZ,88.18
38,0,0,0,0,0,0, EEulerSequence_Extrinsic_XYZ,0,0,60,0,0,0, EEulerSequence_Extrinsic_XYZ,-3.155555,0,10,152,0,0, EEulerSequence_Extrinsic_XYZ,88.18
39,0,0,0,0,0,0, EEulerSequence_Extrinsic_XYZ,0,0,60,0,0,0, EEulerSequence_Extrinsic_XYZ,-3.133333,0,10,156,0,0, EEulerSequence_Extrinsic_XYZ,88.18
40,0,0,0,0,0,0, EEulerSequence_Extrinsic_XYZ,0,0,60,0,0,0, EEulerSequence_Extrinsic_XYZ,-3.111111,0,10,160,0,0, EEulerSequence_Extrinsic_XYZ,88.18
41,0,0,0,0,0,0, EEulerSequence_Extrinsic_XYZ,0,0,60,0,0,0, EEulerSequence_Extrinsic_XYZ,-3.088889,0,10,164,0,0, EEulerSequence_Extrinsic_XYZ,88.18
42,0,0,0,0,0,0, EEulerSequence_Extrinsic_XYZ,0,0,60,0,0,0, EEulerSequence_Extrinsic_XYZ,-3.066667,0,10,168,0,0, EEulerSequence_Extrinsic_XYZ,88.18
43,0,0,0,0,0,0, EEulerSequence_Extrinsic_XYZ,0,0,60,0,0,0, EEulerSequence_Extrinsic_XYZ,-3.044445,0,10,172,0,0, EEulerSequence_Extrinsic_XYZ,88.18
44,0,0,0,0,0,0, EEulerSequence_Extrinsic_XYZ,0,0,60,0,0,0, EEulerSequence_Extrinsic_XYZ,-3.022222,0,10,176,0,0, EEulerSequence_Extrinsic_XYZ,88.18
45,0,0,0,0,0,0, EEulerSequence_Extrinsic_XYZ,0,0,60,0,0,0, EEulerSequence_Extrinsic_XYZ,-3,0,10,180,0,0, EEulerSequence_Extrinsic_XYZ,88.18
46,0,0,0,0,0,0, EEulerSequence_Extrinsic_XYZ,0,0,60,0,0,0, EEulerSequence_Extrinsic_XYZ,-2.977778,0,10,184,0,0, EEulerSequence_Extrinsic_XYZ,88.18
47,0,0,0,0,0,0, EEulerSequence_Extrinsic_XYZ,0,0,60,0,0,0, EEulerSequence_Extrinsic_XYZ,-2.955555,0,10,188,0,0, EEulerSequence_Extrinsic_XYZ,88.18
48,0,0,0,0,0,0, EEulerSequence_Extrinsic_XYZ,0,0,60,0,0,0, EEulerSequence_Extrinsic_XYZ,-2.933333,0,10,192,0,0, EEulerSequence_Extrinsic_XYZ,88.18
49,0,0,0,0,0,0, EEulerSequence_Extrinsic_XYZ,0,0,60,0,0,0, EEulerSequence_Extrinsic_XYZ,-2.911111,0,10,196,0,0, EEulerSequence_Extrinsic_XYZ,88.18
50,0,0,0,0,0,0, EEulerSequence_Extrinsic_XYZ,0,0,60,0,0,0, EEulerSequence_Extrinsic_XYZ,-2.888889,0,10,200,0,0, EEulerSequence_Extrinsic_XYZ,88.18
51,0,0,0,0,0,0, EEulerSequence_Extrinsic_XYZ,0,0,60,0,0,0, EEulerSequence_Extrinsic_XYZ,-2.866667,0,10,204,0,0, EEulerSequence_Extrinsic_XYZ,88.18
52,0,0,0,0,0,0, EEulerSequence_Extrinsic_XYZ,0,0,60,0,0,0, EEulerSequence_Extrinsic_XYZ,-2.844445,0,10,208,0,0, EEulerSequence_Extrinsic_XYZ,88.18
53,0,0,0,0,0,0, EEulerSequence_Extrinsic_XYZ,0,0,60,0,0,0, EEulerSequence_Extrinsic_XYZ,-2.822222,0,10,212,0,0, EEulerSequence_Extrinsic_XYZ,88.18
54,0,0,0,0,0,0, EEulerSequence_Extrinsic_XYZ,0,0,60,0,0,0, EEulerSequence_Extrinsic_XYZ,-2.8,0,10,216,0,0, EEulerSequence_Extrinsic_XYZ,88.18
55,0,0,0,0,0,0, EEulerSequence_Extrinsic_XYZ,0,0,60,0,0,0, EEulerSequence_Extrinsic_XYZ,-2.777778,0,10,220,0,0, EEulerSequence_Extrinsic_XYZ,88.18
56,0,0,0,0,0,0, EEulerSequence_Extrinsic_XYZ,0,0,60,0,0,0, EEulerSequence_Extrinsic_XYZ,-2.755556,0,10,224,0,0, EEulerSequence_Extrinsic_XYZ,88.18
57,0,0,0,0,0,0, EEulerSequence_Extrinsic_XYZ,0,0,60,0,0,0, EEulerSequence_Extrinsic_XYZ,-2.733333,0,10,228,0,0, EEulerSequence_Extrinsic_XYZ,88.18
58,0,0,0,0,0,0, EEulerSequence_Extrinsic_XYZ,0,0,60,0,0,0, EEulerSequence_Extrinsic_XYZ,-2.711111,0,10,232,0,0, EEulerSequence_Extrinsic_XYZ,88.18
59,0,0,0,0,0,0, EEulerSequence_Extrinsic_XYZ,0,0,60,0,0,0, EEulerSequence_Extrinsic_XYZ,-2.688889,0,10,236,0,0, EEulerSequence_Extrinsic_XYZ,88.18
60,0,0,0,0,0,0, EEulerSequence_Extrinsic_XYZ,0,0,60,0,0,0, EEulerSequence_Extrinsic_XYZ,-2.666667,0,10,240,0,0, EEulerSequence_Extrinsic_XYZ,88.18
61,0,0,0,0,0,0, EEulerSequence_Extrinsic_XYZ,0,0,60,0,0,0, EEulerSequence_Extrinsic_XYZ,-2.644444,0,10,244,0,0, EEulerSequence_Extrinsic_XYZ,88.18
62,0,0,0,0,0,0, EEulerSequence_Extrinsic_XYZ,0,0,60,0,0,0, EEulerSequence_Extrinsic_XYZ,-2.622222,0,10,248,0,0, EEulerSequence_Extrinsic_XYZ,88.18
63,0,0,0,0,0,0, EEulerSequence_Extrinsic_XYZ,0,0,60,0,0,0, EEulerSequence_Extrinsic_XYZ,-2.6,0,10,252,0,0, EEulerSequence_Extrinsic_XYZ,88.18
64,0,0,0,0,0,0, EEulerSequence_Extrinsic_XYZ,0,0,60,0,0,0, EEulerSequence_Extrinsic_XYZ,-2.577778,0,10,256,0,0, EEulerSequence_Extrinsic_XYZ,88.18
65,0,0,0,0,0,0, EEulerSequence_Extrinsic_XYZ,0,0,60,0,0,0, EEulerSequence_Extrinsic_XYZ,-2.555556,0,10,260,0,0, EEulerSequence_Extrinsic_XYZ,88.18
66,0,0,0,0,0,0, EEulerSequence_Extrinsic_XYZ,0,0,60,0,0,0, EEulerSequence_Extrinsic_XYZ,-2.533333,0,10,264,0,0, EEulerSequence_Extrinsic_XYZ,88.18
67,0,0,0,0,0,0, EEulerSequence_Extrinsic_XYZ,0,0,60,0,0,0, EEulerSequence_Extrinsic_XYZ,-2.511111,0,10,268,0,0, EEulerSequence_Extrinsic_XYZ,88.18
68,0,0,0,0,0,0, EEulerSequence_Extrinsic_XYZ,0,0,60,0,0,0, EEulerSequence_Extrinsic_XYZ,-2.488889,0,10,272,0,0, EEulerSequence_Extrinsic_XYZ,88.18
69,0,0,0,0,0,0, EEulerSequence_Extrinsic_XYZ,0,0,60,0,0,0, EEulerSequence_Extrinsic_XYZ,-2.466667,0,10,276,0,0, EEulerSequence_Extrinsic_XYZ,88.18
70,0,0,0,0,0,0, EEulerSequence_Extrinsic_XYZ,0,0,60,0,0,0, EEulerSequence_Extrinsic_XYZ,-2.444444,0,10,280,0,0, EEulerSequence_Extrinsic_XYZ,88.18
71,0,0,0,0,0,0, EEulerSequence_Extrinsic_XYZ,0,0,60,0,0,0, EEulerSequence_Extrinsic_XYZ,-2.422222,0,10,284,0,0, EEulerSequence_Extrinsic_XYZ,88.18
72,0,0,0,0,0,0, EEulerSequence_Extrinsic_XYZ,0,0,60,0,0,0, EEulerSequence_Extrinsic_XYZ,-2.4,0,10,288,0,0, EEulerSequence_Extrinsic_XYZ,88.18
73,0,0,0,0,0,0, EEulerSequence_Extrinsic_XYZ,0,0,60,0,0,0, EEulerSequence_Extrinsic_XYZ,-2.377778,0,10,292,0,0, EEulerSequence_Extrinsic_XYZ,88.18
74,0,0,0,0,0,0, EEulerSequence_Extrinsic_XYZ,0,0,60,0,0,0, EEulerSequence_Extrinsic_XYZ,-2.355556,0,10,296,0,0, EEulerSequence_Extrinsic_XYZ,88.18
75,0,0,0,0,0,0, EEulerSequence_Extrinsic_XYZ,0,0,60,0,0,0, EEulerSequence_Extrinsic_XYZ,-2.333333,0,10,300,0,0, EEulerSequence_Extrinsic_XYZ,88.18
76,0,0,0,0,0,0, EEulerSequence_Extrinsic_XYZ,0,0,60,0,0,0, EEulerSequence_Extrinsic_XYZ,-2.311111,0,10,304,0,0, EEulerSequence_Extrinsic_XYZ,88.18
77,0,0,0,0,0,0, EEulerSequence_Extrinsic_XYZ,0,0,60,0,0,0, EEulerSequence_Extrinsic_XYZ,-2.288889,0,10,308,0,0, EEulerSequence_Extrinsic_XYZ,88.18
78,0,0,0,0,0,0, EEulerSequence_Extrinsic_XYZ,0,0,60,0,0,0, EEulerSequence_Extrinsic_XYZ,-2.266667,0,10,312,0,0, EEulerSequence_Extrinsic_XYZ,88.18
79,0,0,0,0,0,0, EEulerSequence_Extrinsic_XYZ,0,0,60,0,0,0, EEulerSequence_Extrinsic_XYZ,-2.244444,0,10,316,0,0, EEulerSequence_Extrinsic_XYZ,88.18
80,0,0,0,0,0,0, EEulerSequence_Extrinsic_XYZ,0,0,60,0,0,0, EEulerSequence_Extrinsic_XYZ,-2.222222,0,10,320,0,0, EEulerSequence_Extrinsic_XYZ,88.18
81,0,0,0,0,0,0, EEulerSequence_Extrinsic_XYZ,0,0,60,0,0,0, EEulerSequence_Extrinsic_XYZ,-2.2,0,10,324,0,0, EEulerSequence_Extrinsic_XYZ,88.18
82,0,0,0,0,0,0, EEulerSequence_Extrinsic_XYZ,0,0,60,0,0,0, EEulerSequence_Extrinsic_XYZ,-2.177778,0,10,328,0,0, EEulerSequence_Extrinsic_XYZ,88.18
83,0,0,0,0,0,0, EEulerSequence_Extrinsic_XYZ,0,0,60,0,0,0, EEulerSequence_Extrinsic_XYZ,-2.155555,0,10,332,0,0, EEulerSequence_Extrinsic_XYZ,88.18
84,0,0,0,0,0,0, EEulerSequence_Extrinsic_XYZ,0,0,60,0,0,0, EEulerSequence_Extrinsic_XYZ,-2.133333,0,10,336,0,0, EEulerSequence_Extrinsic_XYZ,88.18
85,0,0,0,0,0,0, EEulerSequence_Extrinsic_XYZ,0,0,60,0,0,0, EEulerSequence_Extrinsic_XYZ,-2.111111,0,10,340,0,0, EEulerSequence_Extrinsic_XYZ,88.18
86,0,0,0,0,0,0, EEulerSequence_Extrinsic_XYZ,0,0,60,0,0,0, EEulerSequence_Extrinsic_XYZ,-2.088889,0,10,344,0,0, EEulerSequence_Extrinsic_XYZ,88.18
87,0,0,0,0,0,0, EEulerSequence_Extrinsic_XYZ,0,0,60,0,0,0, EEulerSequence_Extrinsic_XYZ,-2.066667,0,10,348,0,0, EEulerSequence_Extrinsic_XYZ,88.18
88,0,0,0,0,0,0, EEulerSequence_Extrinsic_XYZ,0,0,60,0,0,0, EEulerSequence_Extrinsic_XYZ,-2.044445,0,10,352,0,0, EEulerSequence_Extrinsic_XYZ,88.18
89,0,0,0,0,0,0, EEulerSequence_Extrinsic_XYZ,0,0,60,0,0,0, EEulerSequence_Extrinsic_XYZ,-2.022222,0,10,356,0,0, EEulerSequence_Extrinsic_XYZ,88.18
90,0,0,0,0,0,0, EEulerSequence_Extrinsic_XYZ,0,0,60,0,0,0, EEulerSequence_Extrinsic_XYZ,-2,0,10,360,0,0, EEulerSequence_Extrinsic_XYZ,88.18
91,0,0,0,0,0,0, EEulerSequence_Extrinsic_XYZ,0,0,60,0,0,0, EEulerSequence_Extrinsic_XYZ,-1.977778,0,10,364,0,0, EEulerSequence_Extrinsic_XYZ,88.18
92,0,0,0,0,0,0, EEulerSequence_Extrinsic_XYZ,0,0,60,0,0,0, EEulerSequence_Extrinsic_XYZ,-1.955556,0,10,368,0,0, EEulerSequence_Extrinsic_XYZ,88.18
93,0,0,0,0,0,0, EEulerSequence_Extrinsic_XYZ,0,0,60,0,0,0, EEulerSequence_Extrinsic_XYZ,-1.933333,0,10,372,0,0, EEulerSequence_Extrinsic_XYZ,88.18
94,0,0,0,0,0,0, EEulerSequence_Extrinsic_XYZ,0,0,60,0,0,0, EEulerSequence_Extrinsic_XYZ,-1.911111,0,10,376,0,0, EEulerSequence_Extrinsic_XYZ,88.18
95,0,0,0,0,0,0, EEulerSequence_Extrinsic_XYZ,0,0,60,0,0,0, EEulerSequence_Extrinsic_XYZ,-1.888889,0,10,380,0,0, EEulerSequence_Extrinsic_XYZ,88.18
96,0,0,0,0,0,0, EEulerSequence_Extrinsic_XYZ,0,0,60,0,0,0, EEulerSequence_Extrinsic_XYZ,-1.866667,0,10,384,0,0, EEulerSequence_Extrinsic_XYZ,88.18
97,0,0,0,0,0,0, EEulerSequence_Extrinsic_XYZ,0,0,60,0,0,0, EEulerSequence_Extrinsic_XYZ,-1.844444,0,10,388,0,0, EEulerSequence_Extrinsic_XYZ,88.18
98,0,0,0,0,0,0, EEulerSequence_Extrinsic_XYZ,0,0,60,0,0,0, EEulerSequence_Extrinsic_XYZ,-1.822222,0,10,392,0,0, EEulerSequence_Extrinsic_XYZ,88.18
99,0,0,0,0,0,0, EEulerSequence_Extrinsic_XYZ,0,0,60,0,0,0, EEulerSequence_Extrinsic_XYZ,-1.8,0,10,396,0,0, EEulerSequence_Extrinsic_XYZ,88.18
100,0,0,0,0,0,0, EEulerSequence_Extrinsic_XYZ,0,0,60,0,0,0, EEulerSequence_Extrinsic_XYZ,-1.777778,0,10,400,0,0, EEulerSequence_Extrinsic_XYZ,88.18
101,0,0,0,0,0,0, EEulerSequence_Extrinsic_XYZ,0,0,60,0,0,0, EEulerSequence_Extrinsic_XYZ,-1.755556,0,10,404,0,0, EEulerSequence_Extrinsic_XYZ,88.18
102,0,0,0,0,0,0, EEulerSequence_Extrinsic_XYZ,0,0,60,0,0,0, EEulerSequence_Extrinsic_XYZ,-1.733333,0,10,408,0,0, EEulerSequence_Extrinsic_XYZ,88.18
103,0,0,0,0,0,0, EEulerSequence_Extrinsic_XYZ,0,0,60,0,0,0, EEulerSequence_Extrinsic_XYZ,-1.711111,0,10,412,0,0, EEulerSequence_Extrinsic_XYZ,88.18
104,0,0,0,0,0,0, EEulerSequence_Extrinsic_XYZ,0,0,60,0,0,0, EEulerSequence_Extrinsic_XYZ,-1.688889,0,10,416,0,0, EEulerSequence_Extrinsic_XYZ,88.18
105,0,0,0,0,0,0, EEulerSequence_Extrinsic_XYZ,0,0,60,0,0,0, EEulerSequence_Extrinsic_XYZ,-1.666667,0,10,420,0,0, EEulerSequence_Extrinsic_XYZ,88.18
106,0,0,0,0,0,0, EEulerSequence_Extrinsic_XYZ,0,0,60,0,0,0, EEulerSequence_Extrinsic_XYZ,-1.644444,0,10,424,0,0, EEulerSequence_Extrinsic_XYZ,88.18
107,0,0,0,0,0,0, EEulerSequence_Extrinsic_XYZ,0,0,60,0,0,0, EEulerSequence_Extrinsic_XYZ,-1.622222,0,10,428,0,0, EEulerSequence_Extrinsic_XYZ,88.18
108,0,0,0,0,0,0, EEulerSequence_Extrinsic_XYZ,0,0,60,0,0,0, EEulerSequence_Extrinsic_XYZ,-1.6,0,10,432,0,0, EEulerSequence_Extrinsic_XYZ,88.18
109,0,0,0,0,0,0, EEulerSequence_Extrinsic_XYZ,0,0,60,0,0,0, EEulerSequence_Extrinsic_XYZ,-1.577778,0,10,436,0,0, EEulerSequence_Extrinsic_XYZ,88.18
110,0,0,0,0,0,0, EEulerSequence_Extrinsic_XYZ,0,0,60,0,0,0, EEulerSequence_Extrinsic_XYZ,-1.555556,0,10,440,0,0, EEulerSequence_Extrinsic_XYZ,88.18
111,0,0,0,0,0,0, EEulerSequence_Extrinsic_XYZ,0,0,60,0,0,0, EEulerSequence_Extrinsic_XYZ,-1.533333,0,10,444,0,0, EEulerSequence_Extrinsic_XYZ,88.18
112,0,0,0,0,0,0, EEulerSequence_Extrinsic_XYZ,0,0,60,0,0,0, EEulerSequence_Extrinsic_XYZ,-1.511111,0,10,448,0,0, EEulerSequence_Extrinsic_XYZ,88.18
113,0,0,0,0,0,0, EEulerSequence_Extrinsic_XYZ,0,0,60,0,0,0, EEulerSequence_Extrinsic_XYZ,-1.488889,0,10,452,0,0, EEulerSequence_Extrinsic_XYZ,88.18
114,0,0,0,0,0,0, EEulerSequence_Extrinsic_XYZ,0,0,60,0,0,0, EEulerSequence_Extrinsic_XYZ,-1.466667,0,10,456,0,0, EEulerSequence_Extrinsic_XYZ,88.18
115,0,0,0,0,0,0, EEulerSequence_Extrinsic_XYZ,0,0,60,0,0,0, EEulerSequence_Extrinsic_XYZ,-1.444444,0,10,460,0,0, EEulerSequence_Extrinsic_XYZ,88.18
116,0,0,0,0,0,0, EEulerSequence_Extrinsic_XYZ,0,0,60,0,0,0, EEulerSequence_Extrinsic_XYZ,-1.422222,0,10,464,0,0, EEulerSequence_Extrinsic_XYZ,88.18
117,0,0,0,0,0,0, EEulerSequence_Extrinsic_XYZ,0,0,60,0,0,0, EEulerSequence_Extrinsic_XYZ,-1.4,0,10,468,0,0, EEulerSequence_Extrinsic_XYZ,88.18
118,0,0,0,0,0,0, EEulerSequence_Extrinsic_XYZ,0,0,60,0,0,0, EEulerSequence_Extrinsic_XYZ,-1.377778,0,10,472,0,0, EEulerSequence_Extrinsic_XYZ,88.18
119,0,0,0,0,0,0, EEulerSequence_Extrinsic_XYZ,0,0,60,0,0,0, EEulerSequence_Extrinsic_XYZ,-1.355556,0,10,476,0,0, EEulerSequence_Extrinsic_XYZ,88.18
120,0,0,0,0,0,0, EEulerSequence_Extrinsic_XYZ,0,0,60,0,0,0, EEulerSequence_Extrinsic_XYZ,-1.333333,0,10,480,0,0, EEulerSequence_Extrinsic_XYZ,88.18
121,0,0,0,0,0,0, EEulerSequence_Extrinsic_XYZ,0,0,60,0,0,0, EEulerSequence_Extrinsic_XYZ,-1.311111,0,10,484,0,0, EEulerSequence_Extrinsic_XYZ,88.18
122,0,0,0,0,0,0, EEulerSequence_Extrinsic_XYZ,0,0,60,0,0,0, EEulerSequence_Extrinsic_XYZ,-1.288889,0,10,488,0,0, EEulerSequence_Extrinsic_XYZ,88.18
123,0,0,0,0,0,0, EEulerSequence_Extrinsic_XYZ,0,0,60,0,0,0, EEulerSequence_Extrinsic_XYZ,-1.266667,0,10,492,0,0, EEulerSequence_Extrinsic_XYZ,88.18
124,0,0,0,0,0,0, EEulerSequence_Extrinsic_XYZ,0,0,60,0,0,0, EEulerSequence_Extrinsic_XYZ,-1.244444,0,10,496,0,0, EEulerSequence_Extrinsic_XYZ,88.18
125,0,0,0,0,0,0, EEulerSequence_Extrinsic_XYZ,0,0,60,0,0,0, EEulerSequence_Extrinsic_XYZ,-1.222222,0,10,500,0,0, EEulerSequence_Extrinsic_XYZ,88.18
126,0,0,0,0,0,0, EEulerSequence_Extrinsic_XYZ,0,0,60,0,0,0, EEulerSequence_Extrinsic_XYZ,-1.2,0,10,504,0,0, EEulerSequence_Extrinsic_XYZ,88.18
127,0,0,0,0,0,0, EEulerSequence_Extrinsic_XYZ,0,0,60,0,0,0, EEulerSequence_Extrinsic_XYZ,-1.177778,0,10,508,0,0, EEulerSequence_Extrinsic_XYZ,88.18
128,0,0,0,0,0,0, EEulerSequence_Extrinsic_XYZ,0,0,60,0,0,0, EEulerSequence_Extrinsic_XYZ,-1.155556,0,10,512,0,0, EEulerSequence_Extrinsic_XYZ,88.18
129,0,0,0,0,0,0, EEulerSequence_Extrinsic_XYZ,0,0,60,0,0,0, EEulerSequence_Extrinsic_XYZ,-1.133333,0,10,516,0,0, EEulerSequence_Extrinsic_XYZ,88.18
130,0,0,0,0,0,0, EEulerSequence_Extrinsic_XYZ,0,0,60,0,0,0, EEulerSequence_Extrinsic_XYZ,-1.111111,0,10,520,0,0, EEulerSequence_Extrinsic_XYZ,88.18
131,0,0,0,0,0,0, EEulerSequence_Extrinsic_XYZ,0,0,60,0,0,0, EEulerSequence_Extrinsic_XYZ,-1.088889,0,10,524,0,0, EEulerSequence_Extrinsic_XYZ,88.18
132,0,0,0,0,0,0, EEulerSequence_Extrinsic_XYZ,0,0,60,0,0,0, EEulerSequence_Extrinsic_XYZ,-1.066667,0,10,528,0,0, EEulerSequence_Extrinsic_XYZ,88.18
133,0,0,0,0,0,0, EEulerSequence_Extrinsic_XYZ,0,0,60,0,0,0, EEulerSequence_Extrinsic_XYZ,-1.044444,0,10,532,0,0, EEulerSequence_Extrinsic_XYZ,88.18
134,0,0,0,0,0,0, EEulerSequence_Extrinsic_XYZ,0,0,60,0,0,0, EEulerSequence_Extrinsic_XYZ,-1.022222,0,10,536,0,0, EEulerSequence_Extrinsic_XYZ,88.18
135,0,0,0,0,0,0, EEulerSequence_Extrinsic_XYZ,0,0,60,0,0,0, EEulerSequence_Extrinsic_XYZ,-1,0,10,540,0,0, EEulerSequence_Extrinsic_XYZ,88.18
136,0,0,0,0,0,0, EEulerSequence_Extrinsic_XYZ,0,0,60,0,0,0, EEulerSequence_Extrinsic_XYZ,-0.977778,0,10,544,0,0, EEulerSequence_Extrinsic_XYZ,88.18
137,0,0,0,0,0,0, EEulerSequence_Extrinsic_XYZ,0,0,60,0,0,0, EEulerSequence_Extrinsic_XYZ,-0.955556,0,10,548,0,0, EEulerSequence_Extrinsic_XYZ,88.18
138,0,0,0,0,0,0, EEulerSequence_Extrinsic_XYZ,0,0,60,0,0,0, EEulerSequence_Extrinsic_XYZ,-0.933333,0,10,552,0,0, EEulerSequence_Extrinsic_XYZ,88.18
139,0,0,0,0,0,0, EEulerSequence_Extrinsic_XYZ,0,0,60,0,0,0, EEulerSequence_Extrinsic_XYZ,-0.911111,0,10,556,0,0, EEulerSequence_Extrinsic_XYZ,88.18
140,0,0,0,0,0,0, EEulerSequence_Extrinsic_XYZ,0,0,60,0,0,0, EEulerSequence_Extrinsic_XYZ,-0.888889,0,10,560,0,0, EEulerSequence_Extrinsic_XYZ,88.18
141,0,0,0,0,0,0, EEulerSequence_Extrinsic_XYZ,0,0,60,0,0,0, EEulerSequence_Extrinsic_XYZ,-0.866667,0,10,564,0,0, EEulerSequence_Extrinsic_XYZ,88.18
142,0,0,0,0,0,0, EEulerSequence_Extrinsic_XYZ,0,0,60,0,0,0, EEulerSequence_Extrinsic_XYZ,-0.844444,0,10,568,0,0, EEulerSequence_Extrinsic_XYZ,88.18
143,0,0,0,0,0,0, EEulerSequence_Extrinsic_XYZ,0,0,60,0,0,0, EEulerSequence_Extrinsic_XYZ,-0.822222,0,10,572,0,0, EEulerSequence_Extrinsic_XYZ,88.18
144,0,0,0,0,0,0, EEulerSequence_Extrinsic_XYZ,0,0,60,0,0,0, EEulerSequence_Extrinsic_XYZ,-0.8,0,10,576,0,0, EEulerSequence_Extrinsic_XYZ,88.18
145,0,0,0,0,0,0, EEulerSequence_Extrinsic_XYZ,0,0,60,0,0,0, EEulerSequence_Extrinsic_XYZ,-0.777778,0,10,580,0,0, EEulerSequence_Extrinsic_XYZ,88.18
146,0,0,0,0,0,0, EEulerSequence_Extrinsic_XYZ,0,0,60,0,0,0, EEulerSequence_Extrinsic_XYZ,-0.755556,0,10,584,0,0, EEulerSequence_Extrinsic_XYZ,88.18
147,0,0,0,0,0,0, EEulerSequence_Extrinsic_XYZ,0,0,60,0,0,0, EEulerSequence_Extrinsic_XYZ,-0.733333,0,10,588,0,0, EEulerSequence_Extrinsic_XYZ,88.18
148,0,0,0,0,0,0, EEulerSequence_Extrinsic_XYZ,0,0,60,0,0,0, EEulerSequence_Extrinsic_XYZ,-0.711111,0,10,592,0,0, EEulerSequence_Extrinsic_XYZ,88.18
149,0,0,0,0,0,0, EEulerSequence_Extrinsic_XYZ,0,0,60,0,0,0, EEulerSequence_Extrinsic_XYZ,-0.688889,0,10,596,0,0, EEulerSequence_Extrinsic_XYZ,88.18
150,0,0,0,0,0,0, EEulerSequence_Extrinsic_XYZ,0,0,60,0,0,0, EEulerSequence_Extrinsic_XYZ,-0.666667,0,10,600,0,0, EEulerSequence_Extrinsic_XYZ,88.18
151,0,0,0,0,0,0, EEulerSequence_Extrinsic_XYZ,0,0,60,0,0,0, EEulerSequence_Extrinsic_XYZ,-0.644444,0,10,604,0,0, EEulerSequence_Extrinsic_XYZ,88.18
152,0,0,0,0,0,0, EEulerSequence_Extrinsic_XYZ,0,0,60,0,0,0, EEulerSequence_Extrinsic_XYZ,-0.622222,0,10,608,0,0, EEulerSequence_Extrinsic_XYZ,88.18
153,0,0,0,0,0,0, EEulerSequence_Extrinsic_XYZ,0,0,60,0,0,0, EEulerSequence_Extrinsic_XYZ,-0.6,0,10,612,0,0, EEulerSequence_Extrinsic_XYZ,88.18
154,0,0,0,0,0,0, EEulerSequence_Extrinsic_XYZ,0,0,60,0,0,0, EEulerSequence_Extrinsic_XYZ,-0.577778,0,10,616,0,0, EEulerSequence_Extrinsic_XYZ,88.18
155,0,0,0,0,0,0, EEulerSequence_Extrinsic_XYZ,0,0,60,0,0,0, EEulerSequence_Extrinsic_XYZ,-0.555556,0,10,620,0,0, EEulerSequence_Extrinsic_XYZ,88.18
156,0,0,0,0,0,0, EEulerSequence_Extrinsic_XYZ,0,0,60,0,0,0, EEulerSequence_Extrinsic_XYZ,-0.533333,0,10,624,0,0, EEulerSequence_Extrinsic_XYZ,88.18
157,0,0,0,0,0,0, EEulerSequence_Extrinsic_XYZ,0,0,60,0,0,0, EEulerSequence_Extrinsic_XYZ,-0.511111,0,10,628,0,0, EEulerSequence_Extrinsic_XYZ,88.18
158,0,0,0,0,0,0, EEulerSequence_Extrinsic_XYZ,0,0,60,0,0,0, EEulerSequence_Extrinsic_XYZ,-0.488889,0,10,632,0,0, EEulerSequence_Extrinsic_XYZ,88.18
159,0,0,0,0,0,0, EEulerSequence_Extrinsic_XYZ,0,0,60,0,0,0, EEulerSequence_Extrinsic_XYZ,-0.466667,0,10,636,0,0, EEulerSequence_Extrinsic_XYZ,88.18
160,0,0,0,0,0,0, EEulerSequence_Extrinsic_XYZ,0,0,60,0,0,0, EEulerSequence_Extrinsic_XYZ,-0.444444,0,10,640,0,0, EEulerSequence_Extrinsic_XYZ,88.18
161,0,0,0,0,0,0, EEulerSequence_Extrinsic_XYZ,0,0,60,0,0,0, EEulerSequence_Extrinsic_XYZ,-0.422222,0,10,644,0,0, EEulerSequence_Extrinsic_XYZ,88.18
162,0,0,0,0,0,0, EEulerSequence_Extrinsic_XYZ,0,0,60,0,0,0, EEulerSequence_Extrinsic_XYZ,-0.4,0,10,648,0,0, EEulerSequence_Extrinsic_XYZ,88.18
163,0,0,0,0,0,0, EEulerSequence_Extrinsic_XYZ,0,0,60,0,0,0, EEulerSequence_Extrinsic_XYZ,-0.377778,0,10,652,0,0, EEulerSequence_Extrinsic_XYZ,88.18
164,0,0,0,0,0,0, EEulerSequence_Extrinsic_XYZ,0,0,60,0,0,0, EEulerSequence_Extrinsic_XYZ,-0.355556,0,10,656,0,0, EEulerSequence_Extrinsic_XYZ,88.18
165,0,0,0,0,0,0, EEulerSequence_Extrinsic_XYZ,0,0,60,0,0,0, EEulerSequence_Extrinsic_XYZ,-0.333333,0,10,660,0,0, EEulerSequence_Extrinsic_XYZ,88.18
166,0,0,0,0,0,0, EEulerSequence_Extrinsic_XYZ,0,0,60,0,0,0, EEulerSequence_Extrinsic_XYZ,-0.311111,0,10,664,0,0, EEulerSequence_Extrinsic_XYZ,88.18
167,0,0,0,0,0,0, EEulerSequence_Extrinsic_XYZ,0,0,60,0,0,0, EEulerSequence_Extrinsic_XYZ,-0.288889,0,10,668,0,0, EEulerSequence_Extrinsic_XYZ,88.18
168,0,0,0,0,0,0, EEulerSequence_Extrinsic_XYZ,0,0,60,0,0,0, EEulerSequence_Extrinsic_XYZ,-0.266667,0,10,672,0,0, EEulerSequence_Extrinsic_XYZ,88.18
169,0,0,0,0,0,0, EEulerSequence_Extrinsic_XYZ,0,0,60,0,0,0, EEulerSequence_Extrinsic_XYZ,-0.244444,0,10,676,0,0, EEulerSequence_Extrinsic_XYZ,88.18
170,0,0,0,0,0,0, EEulerSequence_Extrinsic_XYZ,0,0,60,0,0,0, EEulerSequence_Extrinsic_XYZ,-0.222222,0,10,680,0,0, EEulerSequence_Extrinsic_XYZ,88.18
171,0,0,0,0,0,0, EEulerSequence_Extrinsic_XYZ,0,0,60,0,0,0, EEulerSequence_Extrinsic_XYZ,-0.2,0,10,684,0,0, EEulerSequence_Extrinsic_XYZ,88.18
172,0,0,0,0,0,0, EEulerSequence_Extrinsic_XYZ,0,0,60,0,0,0, EEulerSequence_Extrinsic_XYZ,-0.177778,0,10,688,0,0, EEulerSequence_Extrinsic_XYZ,88.18
173,0,0,0,0,0,0, EEulerSequence_Extrinsic_XYZ,0,0,60,0,0,0, EEulerSequence_Extrinsic_XYZ,-0.155556,0,10,692,0,0, EEulerSequence_Extrinsic_XYZ,88.18
174,0,0,0,0,0,0, EEulerSequence_Extrinsic_XYZ,0,0,60,0,0,0, EEulerSequence_Extrinsic_XYZ,-0.133333,0,10,696,0,0, EEulerSequence_Extrinsic_XYZ,88.18
175,0,0,0,0,0,0, EEulerSequence_Extrinsic_XYZ,0,0,60,0,0,0, EEulerSequence_Extrinsic_XYZ,-0.111111,0,10,700,0,0, EEulerSequence_Extrinsic_XYZ,88.18
176,0,0,0,0,0,0, EEulerSequence_Extrinsic_XYZ,0,0,60,0,0,0, EEulerSequence_Extrinsic_XYZ,-0.088889,0,10,704,0,0, EEulerSequence_Extrinsic_XYZ,88.18
177,0,0,0,0,0,0, EEulerSequence_Extrinsic_XYZ,0,0,60,0,0,0, EEulerSequence_Extrinsic_XYZ,-0.066667,0,10,708,0,0, EEulerSequence_Extrinsic_XYZ,88.18
178,0,0,0,0,0,0, EEulerSequence_Extrinsic_XYZ,0,0,60,0,0,0, EEulerSequence_Extrinsic_XYZ,-0.044444,0,10,712,0,0, EEulerSequence_Extrinsic_XYZ,88.18
179,0,0,0,0,0,0, EEulerSequence_Extrinsic_XYZ,0,0,60,0,0,0, EEulerSequence_Extrinsic_XYZ,-0.022222,0,10,716,0,0, EEulerSequence_Extrinsic_XYZ,88.18
180,0,0,0,0,0,0, EEulerSequence_Extrinsic_XYZ,0,0,60,0,0,0, EEulerSequence_Extrinsic_XYZ,0,0,10,720,0,0, EEulerSequence_Extrinsic_XYZ,88.18
181,0,0,0,0,0,0, EEulerSequence_Extrinsic_XYZ,0,0,60,0,0,0, EEulerSequence_Extrinsic_XYZ,0.022222,0,10,724,0,0, EEulerSequence_Extrinsic_XYZ,88.18
182,0,0,0,0,0,0, EEulerSequence_Extrinsic_XYZ,0,0,60,0,0,0, EEulerSequence_Extrinsic_XYZ,0.044444,0,10,728,0,0, EEulerSequence_Extrinsic_XYZ,88.18
183,0,0,0,0,0,0, EEulerSequence_Extrinsic_XYZ,0,0,60,0,0,0, EEulerSequence_Extrinsic_XYZ,0.066667,0,10,732,0,0, EEulerSequence_Extrinsic_XYZ,88.18
184,0,0,0,0,0,0, EEulerSequence_Extrinsic_XYZ,0,0,60,0,0,0, EEulerSequence_Extrinsic_XYZ,0.088889,0,10,736,0,0, EEulerSequence_Extrinsic_XYZ,88.18
185,0,0,0,0,0,0, EEulerSequence_Extrinsic_XYZ,0,0,60,0,0,0, EEulerSequence_Extrinsic_XYZ,0.111111,0,10,740,0,0, EEulerSequence_Extrinsic_XYZ,88.18
186,0,0,0,0,0,0, EEulerSequence_Extrinsic_XYZ,0,0,60,0,0,0, EEulerSequence_Extrinsic_XYZ,0.133333,0,10,744,0,0, EEulerSequence_Extrinsic_XYZ,88.18
187,0,0,0,0,0,0, EEulerSequence_Extrinsic_XYZ,0,0,60,0,0,0, EEulerSequence_Extrinsic_XYZ,0.155556,0,10,748,0,0, EEulerSequence_Extrinsic_XYZ,88.18
188,0,0,0,0,0,0, EEulerSequence_Extrinsic_XYZ,0,0,60,0,0,0, EEulerSequence_Extrinsic_XYZ,0.177778,0,10,752,0,0, EEulerSequence_Extrinsic_XYZ,88.18
189,0,0,0,0,0,0, EEulerSequence_Extrinsic_XYZ,0,0,60,0,0,0, EEulerSequence_Extrinsic_XYZ,0.2,0,10,756,0,0, EEulerSequence_Extrinsic_XYZ,88.18
190,0,0,0,0,0,0, EEulerSequence_Extrinsic_XYZ,0,0,60,0,0,0, EEulerSequence_Extrinsic_XYZ,0.222222,0,10,760,0,0, EEulerSequence_Extrinsic_XYZ,88.18
191,0,0,0,0,0,0, EEulerSequence_Extrinsic_XYZ,0,0,60,0,0,0, EEulerSequence_Extrinsic_XYZ,0.244444,0,10,764,0,0, EEulerSequence_Extrinsic_XYZ,88.18
192,0,0,0,0,0,0, EEulerSequence_Extrinsic_XYZ,0,0,60,0,0,0, EEulerSequence_Extrinsic_XYZ,0.266667,0,10,768,0,0, EEulerSequence_Extrinsic_XYZ,88.18
193,0,0,0,0,0,0, EEulerSequence_Extrinsic_XYZ,0,0,60,0,0,0, EEulerSequence_Extrinsic_XYZ,0.288889,0,10,772,0,0, EEulerSequence_Extrinsic_XYZ,88.18
194,0,0,0,0,0,0, EEulerSequence_Extrinsic_XYZ,0,0,60,0,0,0, EEulerSequence_Extrinsic_XYZ,0.311111,0,10,776,0,0, EEulerSequence_Extrinsic_XYZ,88.18
195,0,0,0,0,0,0, EEulerSequence_Extrinsic_XYZ,0,0,60,0,0,0, EEulerSequence_Extrinsic_XYZ,0.333333,0,10,780,0,0, EEulerSequence_Extrinsic_XYZ,88.18
196,0,0,0,0,0,0, EEulerSequence_Extrinsic_XYZ,0,0,60,0,0,0, EEulerSequence_Extrinsic_XYZ,0.355556,0,10,784,0,0, EEulerSequence_Extrinsic_XYZ,88.18
197,0,0,0,0,0,0, EEulerSequence_Extrinsic_XYZ,0,0,60,0,0,0, EEulerSequence_Extrinsic_XYZ,0.377778,0,10,788,0,0, EEulerSequence_Extrinsic_XYZ,88.18
198,0,0,0,0,0,0, EEulerSequence_Extrinsic_XYZ,0,0,60,0,0,0, EEulerSequence_Extrinsic_XYZ,0.4,0,10,792,0,0, EEulerSequence_Extrinsic_XYZ,88.18
199,0,0,0,0,0,0, EEulerSequence_Extrinsic_XYZ,0,0,60,0,0,0, EEulerSequence_Extrinsic_XYZ,0.422222,0,10,796,0,0, EEulerSequence_Extrinsic_XYZ,88.18
200,0,0,0,0,0,0, EEulerSequence_Extrinsic_XYZ,0,0,60,0,0,0, EEulerSequence_Extrinsic_XYZ,0.444444,0,10,800,0,0, EEulerSequence_Extrinsic_XYZ,88.18
201,0,0,0,0,0,0, EEulerSequence_Extrinsic_XYZ,0,0,60,0,0,0, EEulerSequence_Extrinsic_XYZ,0.466667,0,10,804,0,0, EEulerSequence_Extrinsic_XYZ,88.18
202,0,0,0,0,0,0, EEulerSequence_Extrinsic_XYZ,0,0,60,0,0,0, EEulerSequence_Extrinsic_XYZ,0.488889,0,10,808,0,0, EEulerSequence_Extrinsic_XYZ,88.18
203,0,0,0,0,0,0, EEulerSequence_Extrinsic_XYZ,0,0,60,0,0,0, EEulerSequence_Extrinsic_XYZ,0.511111,0,10,812,0,0, EEulerSequence_Extrinsic_XYZ,88.18
204,0,0,0,0,0,0, EEulerSequence_Extrinsic_XYZ,0,0,60,0,0,0, EEulerSequence_Extrinsic_XYZ,0.533333,0,10,816,0,0, EEulerSequence_Extrinsic_XYZ,88.18
205,0,0,0,0,0,0, EEulerSequence_Extrinsic_XYZ,0,0,60,0,0,0, EEulerSequence_Extrinsic_XYZ,0.555556,0,10,820,0,0, EEulerSequence_Extrinsic_XYZ,88.18
206,0,0,0,0,0,0, EEulerSequence_Extrinsic_XYZ,0,0,60,0,0,0, EEulerSequence_Extrinsic_XYZ,0.577778,0,10,824,0,0, EEulerSequence_Extrinsic_XYZ,88.18
207,0,0,0,0,0,0, EEulerSequence_Extrinsic_XYZ,0,0,60,0,0,0, EEulerSequence_Extrinsic_XYZ,0.6,0,10,828,0,0, EEulerSequence_Extrinsic_XYZ,88.18
208,0,0,0,0,0,0, EEulerSequence_Extrinsic_XYZ,0,0,60,0,0,0, EEulerSequence_Extrinsic_XYZ,0.622222,0,10,832,0,0, EEulerSequence_Extrinsic_XYZ,88.18
209,0,0,0,0,0,0, EEulerSequence_Extrinsic_XYZ,0,0,60,0,0,0, EEulerSequence_Extrinsic_XYZ,0.644444,0,10,836,0,0, EEulerSequence_Extrinsic_XYZ,88.18
210,0,0,0,0,0,0, EEulerSequence_Extrinsic_XYZ,0,0,60,0,0,0, EEulerSequence_Extrinsic_XYZ,0.666667,0,10,840,0,0, EEulerSequence_Extrinsic_XYZ,88.18
211,0,0,0,0,0,0, EEulerSequence_Extrinsic_XYZ,0,0,60,0,0,0, EEulerSequence_Extrinsic_XYZ,0.688889,0,10,844,0,0, EEulerSequence_Extrinsic_XYZ,88.18
212,0,0,0,0,0,0, EEulerSequence_Extrinsic_XYZ,0,0,60,0,0,0, EEulerSequence_Extrinsic_XYZ,0.711111,0,10,848,0,0, EEulerSequence_Extrinsic_XYZ,88.18
213,0,0,0,0,0,0, EEulerSequence_Extrinsic_XYZ,0,0,60,0,0,0, EEulerSequence_Extrinsic_XYZ,0.733333,0,10,852,0,0, EEulerSequence_Extrinsic_XYZ,88.18
214,0,0,0,0,0,0, EEulerSequence_Extrinsic_XYZ,0,0,60,0,0,0, EEulerSequence_Extrinsic_XYZ,0.755556,0,10,856,0,0, EEulerSequence_Extrinsic_XYZ,88.18
215,0,0,0,0,0,0, EEulerSequence_Extrinsic_XYZ,0,0,60,0,0,0, EEulerSequence_Extrinsic_XYZ,0.777778,0,10,860,0,0, EEulerSequence_Extrinsic_XYZ,88.18
216,0,0,0,0,0,0, EEulerSequence_Extrinsic_XYZ,0,0,60,0,0,0, EEulerSequence_Extrinsic_XYZ,0.8,0,10,864,0,0, EEulerSequence_Extrinsic_XYZ,88.18
217,0,0,0,0,0,0, EEulerSequence_Extrinsic_XYZ,0,0,60,0,0,0, EEulerSequence_Extrinsic_XYZ,0.822222,0,10,868,0,0, EEulerSequence_Extrinsic_XYZ,88.18
218,0,0,0,0,0,0, EEulerSequence_Extrinsic_XYZ,0,0,60,0,0,0, EEulerSequence_Extrinsic_XYZ,0.844444,0,10,872,0,0, EEulerSequence_Extrinsic_XYZ,88.18
219,0,0,0,0,0,0, EEulerSequence_Extrinsic_XYZ,0,0,60,0,0,0, EEulerSequence_Extrinsic_XYZ,0.866667,0,10,876,0,0, EEulerSequence_Extrinsic_XYZ,88.18
220,0,0,0,0,0,0, EEulerSequence_Extrinsic_XYZ,0,0,60,0,0,0, EEulerSequence_Extrinsic_XYZ,0.888889,0,10,880,0,0, EEulerSequence_Extrinsic_XYZ,88.18
221,0,0,0,0,0,0, EEulerSequence_Extrinsic_XYZ,0,0,60,0,0,0, EEulerSequence_Extrinsic_XYZ,0.911111,0,10,884,0,0, EEulerSequence_Extrinsic_XYZ,88.18
222,0,0,0,0,0,0, EEulerSequence_Extrinsic_XYZ,0,0,60,0,0,0, EEulerSequence_Extrinsic_XYZ,0.933333,0,10,888,0,0, EEulerSequence_Extrinsic_XYZ,88.18
223,0,0,0,0,0,0, EEulerSequence_Extrinsic_XYZ,0,0,60,0,0,0, EEulerSequence_Extrinsic_XYZ,0.955556,0,10,892,0,0, EEulerSequence_Extrinsic_XYZ,88.18
224,0,0,0,0,0,0, EEulerSequence_Extrinsic_XYZ,0,0,60,0,0,0, EEulerSequence_Extrinsic_XYZ,0.977778,0,10,896,0,0, EEulerSequence_Extrinsic_XYZ,88.18
225,0,0,0,0,0,0, EEulerSequence_Extrinsic_XYZ,0,0,60,0,0,0, EEulerSequence_Extrinsic_XYZ,1,0,10,900,0,0, EEulerSequence_Extrinsic_XYZ,88.18
226,0,0,0,0,0,0, EEulerSequence_Extrinsic_XYZ,0,0,60,0,0,0, EEulerSequence_Extrinsic_XYZ,1.022222,0,10,904,0,0, EEulerSequence_Extrinsic_XYZ,88.18
227,0,0,0,0,0,0, EEulerSequence_Extrinsic_XYZ,0,0,60,0,0,0, EEulerSequence_Extrinsic_XYZ,1.044444,0,10,908,0,0, EEulerSequence_Extrinsic_XYZ,88.18
228,0,0,0,0,0,0, EEulerSequence_Extrinsic_XYZ,0,0,60,0,0,0, EEulerSequence_Extrinsic_XYZ,1.066667,0,10,912,0,0, EEulerSequence_Extrinsic_XYZ,88.18
229,0,0,0,0,0,0, EEulerSequence_Extrinsic_XYZ,0,0,60,0,0,0, EEulerSequence_Extrinsic_XYZ,1.088889,0,10,916,0,0, EEulerSequence_Extrinsic_XYZ,88.18
230,0,0,0,0,0,0, EEulerSequence_Extrinsic_XYZ,0,0,60,0,0,0, EEulerSequence_Extrinsic_XYZ,1.111111,0,10,920,0,0, EEulerSequence_Extrinsic_XYZ,88.18
231,0,0,0,0,0,0, EEulerSequence_Extrinsic_XYZ,0,0,60,0,0,0, EEulerSequence_Extrinsic_XYZ,1.133333,0,10,924,0,0, EEulerSequence_Extrinsic_XYZ,88.18
232,0,0,0,0,0,0, EEulerSequence_Extrinsic_XYZ,0,0,60,0,0,0, EEulerSequence_Extrinsic_XYZ,1.155556,0,10,928,0,0, EEulerSequence_Extrinsic_XYZ,88.18
233,0,0,0,0,0,0, EEulerSequence_Extrinsic_XYZ,0,0,60,0,0,0, EEulerSequence_Extrinsic_XYZ,1.177778,0,10,932,0,0, EEulerSequence_Extrinsic_XYZ,88.18
234,0,0,0,0,0,0, EEulerSequence_Extrinsic_XYZ,0,0,60,0,0,0, EEulerSequence_Extrinsic_XYZ,1.2,0,10,936,0,0, EEulerSequence_Extrinsic_XYZ,88.18
235,0,0,0,0,0,0, EEulerSequence_Extrinsic_XYZ,0,0,60,0,0,0, EEulerSequence_Extrinsic_XYZ,1.222222,0,10,940,0,0, EEulerSequence_Extrinsic_XYZ,88.18
236,0,0,0,0,0,0, EEulerSequence_Extrinsic_XYZ,0,0,60,0,0,0, EEulerSequence_Extrinsic_XYZ,1.244444,0,10,944,0,0, EEulerSequence_Extrinsic_XYZ,88.18
237,0,0,0,0,0,0, EEulerSequence_Extrinsic_XYZ,0,0,60,0,0,0, EEulerSequence_Extrinsic_XYZ,1.266667,0,10,948,0,0, EEulerSequence_Extrinsic_XYZ,88.18
238,0,0,0,0,0,0, EEulerSequence_Extrinsic_XYZ,0,0,60,0,0,0, EEulerSequence_Extrinsic_XYZ,1.288889,0,10,952,0,0, EEulerSequence_Extrinsic_XYZ,88.18
239,0,0,0,0,0,0, EEulerSequence_Extrinsic_XYZ,0,0,60,0,0,0, EEulerSequence_Extrinsic_XYZ,1.311111,0,10,956,0,0, EEulerSequence_Extrinsic_XYZ,88.18
240,0,0,0,0,0,0, EEulerSequence_Extrinsic_XYZ,0,0,60,0,0,0, EEulerSequence_Extrinsic_XYZ,1.333333,0,10,960,0,0, EEulerSequence_Extrinsic_XYZ,88.18
241,0,0,0,0,0,0, EEulerSequence_Extrinsic_XYZ,0,0,60,0,0,0, EEulerSequence_Extrinsic_XYZ,1.355556,0,10,964,0,0, EEulerSequence_Extrinsic_XYZ,88.18
242,0,0,0,0,0,0, EEulerSequence_Extrinsic_XYZ,0,0,60,0,0,0, EEulerSequence_Extrinsic_XYZ,1.377778,0,10,968,0,0, EEulerSequence_Extrinsic_XYZ,88.18
243,0,0,0,0,0,0, EEulerSequence_Extrinsic_XYZ,0,0,60,0,0,0, EEulerSequence_Extrinsic_XYZ,1.4,0,10,972,0,0, EEulerSequence_Extrinsic_XYZ,88.18
244,0,0,0,0,0,0, EEulerSequence_Extrinsic_XYZ,0,0,60,0,0,0, EEulerSequence_Extrinsic_XYZ,1.422222,0,10,976,0,0, EEulerSequence_Extrinsic_XYZ,88.18
245,0,0,0,0,0,0, EEulerSequence_Extrinsic_XYZ,0,0,60,0,0,0, EEulerSequence_Extrinsic_XYZ,1.444444,0,10,980,0,0, EEulerSequence_Extrinsic_XYZ,88.18
246,0,0,0,0,0,0, EEulerSequence_Extrinsic_XYZ,0,0,60,0,0,0, EEulerSequence_Extrinsic_XYZ,1.466667,0,10,984,0,0, EEulerSequence_Extrinsic_XYZ,88.18
247,0,0,0,0,0,0, EEulerSequence_Extrinsic_XYZ,0,0,60,0,0,0, EEulerSequence_Extrinsic_XYZ,1.488889,0,10,988,0,0, EEulerSequence_Extrinsic_XYZ,88.18
248,0,0,0,0,0,0, EEulerSequence_Extrinsic_XYZ,0,0,60,0,0,0, EEulerSequence_Extrinsic_XYZ,1.511111,0,10,992,0,0, EEulerSequence_Extrinsic_XYZ,88.18
249,0,0,0,0,0,0, EEulerSequence_Extrinsic_XYZ,0,0,60,0,0,0, EEulerSequence_Extrinsic_XYZ,1.533333,0,10,996,0,0, EEulerSequence_Extrinsic_XYZ,88.18
250,0,0,0,0,0,0, EEulerSequence_Extrinsic_XYZ,0,0,60,0,0,0, EEulerSequence_Extrinsic_XYZ,1.555556,0,10,1000,0,0, EEulerSequence_Extrinsic_XYZ,88.18
251,0,0,0,0,0,0, EEulerSequence_Extrinsic_XYZ,0,0,60,0,0,0, EEulerSequence_Extrinsic_XYZ,1.577778,0,10,1004,0,0, EEulerSequence_Extrinsic_XYZ,88.18
252,0,0,0,0,0,0, EEulerSequence_Extrinsic_XYZ,0,0,60,0,0,0, EEulerSequence_Extrinsic_XYZ,1.6,0,10,1008,0,0, EEulerSequence_Extrinsic_XYZ,88.18
253,0,0,0,0,0,0, EEulerSequence_Extrinsic_XYZ,0,0,60,0,0,0, EEulerSequence_Extrinsic_XYZ,1.622222,0,10,1012,0,0, EEulerSequence_Extrinsic_XYZ,88.18
254,0,0,0,0,0,0, EEulerSequence_Extrinsic_XYZ,0,0,60,0,0,0, EEulerSequence_Extrinsic_XYZ,1.644444,0,10,1016,0,0, EEulerSequence_Extrinsic_XYZ,88.18
255,0,0,0,0,0,0, EEulerSequence_Extrinsic_XYZ,0,0,60,0,0,0, EEulerSequence_Extrinsic_XYZ,1.666667,0,10,1020,0,0, EEulerSequence_Extrinsic_XYZ,88.18
256,0,0,0,0,0,0, EEulerSequence_Extrinsic_XYZ,0,0,60,0,0,0, EEulerSequence_Extrinsic_XYZ,1.688889,0,10,1024,0,0, EEulerSequence_Extrinsic_XYZ,88.18
257,0,0,0,0,0,0, EEulerSequence_Extrinsic_XYZ,0,0,60,0,0,0, EEulerSequence_Extrinsic_XYZ,1.711111,0,10,1028,0,0, EEulerSequence_Extrinsic_XYZ,88.18
258,0,0,0,0,0,0, EEulerSequence_Extrinsic_XYZ,0,0,60,0,0,0, EEulerSequence_Extrinsic_XYZ,1.733333,0,10,1032,0,0, EEulerSequence_Extrinsic_XYZ,88.18
259,0,0,0,0,0,0, EEulerSequence_Extrinsic_XYZ,0,0,60,0,0,0, EEulerSequence_Extrinsic_XYZ,1.755556,0,10,1036,0,0, EEulerSequence_Extrinsic_XYZ,88.18
260,0,0,0,0,0,0, EEulerSequence_Extrinsic_XYZ,0,0,60,0,0,0, EEulerSequence_Extrinsic_XYZ,1.777778,0,10,1040,0,0, EEulerSequence_Extrinsic_XYZ,88.18
261,0,0,0,0,0,0, EEulerSequence_Extrinsic_XYZ,0,0,60,0,0,0, EEulerSequence_Extrinsic_XYZ,1.8,0,10,1044,0,0, EEulerSequence_Extrinsic_XYZ,88.18
262,0,0,0,0,0,0, EEulerSequence_Extrinsic_XYZ,0,0,60,0,0,0, EEulerSequence_Extrinsic_XYZ,1.822222,0,10,1048,0,0, EEulerSequence_Extrinsic_XYZ,88.18
263,0,0,0,0,0,0, EEulerSequence_Extrinsic_XYZ,0,0,60,0,0,0, EEulerSequence_Extrinsic_XYZ,1.844444,0,10,1052,0,0, EEulerSequence_Extrinsic_XYZ,88.18
264,0,0,0,0,0,0, EEulerSequence_Extrinsic_XYZ,0,0,60,0,0,0, EEulerSequence_Extrinsic_XYZ,1.866667,0,10,1056,0,0, EEulerSequence_Extrinsic_XYZ,88.18
265,0,0,0,0,0,0, EEulerSequence_Extrinsic_XYZ,0,0,60,0,0,0, EEulerSequence_Extrinsic_XYZ,1.888889,0,10,1060,0,0, EEulerSequence_Extrinsic_XYZ,88.18
266,0,0,0,0,0,0, EEulerSequence_Extrinsic_XYZ,0,0,60,0,0,0, EEulerSequence_Extrinsic_XYZ,1.911111,0,10,1064,0,0, EEulerSequence_Extrinsic_XYZ,88.18
267,0,0,0,0,0,0, EEulerSequence_Extrinsic_XYZ,0,0,60,0,0,0, EEulerSequence_Extrinsic_XYZ,1.933333,0,10,1068,0,0, EEulerSequence_Extrinsic_XYZ,88.18
268,0,0,0,0,0,0, EEulerSequence_Extrinsic_XYZ,0,0,60,0,0,0, EEulerSequence_Extrinsic_XYZ,1.955556,0,10,1072,0,0, EEulerSequence_Extrinsic_XYZ,88.18
269,0,0,0,0,0,0, EEulerSequence_Extrinsic_XYZ,0,0,60,0,0,0, EEulerSequence_Extrinsic_XYZ,1.977778,0,10,1076,0,0, EEulerSequence_Extrinsic_XYZ,88.18
270,0,0,0,0,0,0, EEulerSequence_Extrinsic_XYZ,0,0,60,0,0,0, EEulerSequence_Extrinsic_XYZ,2,0,10,1080,0,0, EEulerSequence_Extrinsic_XYZ,88.18
271,0,0,0,0,0,0, EEulerSequence_Extrinsic_XYZ,0,0,60,0,0,0, EEulerSequence_Extrinsic_XYZ,2.022222,0,10,1084,0,0, EEulerSequence_Extrinsic_XYZ,88.18
272,0,0,0,0,0,0, EEulerSequence_Extrinsic_XYZ,0,0,60,0,0,0, EEulerSequence_Extrinsic_XYZ,2.044445,0,10,1088,0,0, EEulerSequence_Extrinsic_XYZ,88.18
273,0,0,0,0,0,0, EEulerSequence_Extrinsic_XYZ,0,0,60,0,0,0, EEulerSequence_Extrinsic_XYZ,2.066667,0,10,1092,0,0, EEulerSequence_Extrinsic_XYZ,88.18
274,0,0,0,0,0,0, EEulerSequence_Extrinsic_XYZ,0,0,60,0,0,0, EEulerSequence_Extrinsic_XYZ,2.088889,0,10,1096,0,0, EEulerSequence_Extrinsic_XYZ,88.18
275,0,0,0,0,0,0, EEulerSequence_Extrinsic_XYZ,0,0,60,0,0,0, EEulerSequence_Extrinsic_XYZ,2.111111,0,10,1100,0,0, EEulerSequence_Extrinsic_XYZ,88.18
276,0,0,0,0,0,0, EEulerSequence_Extrinsic_XYZ,0,0,60,0,0,0, EEulerSequence_Extrinsic_XYZ,2.133333,0,10,1104,0,0, EEulerSequence_Extrinsic_XYZ,88.18
277,0,0,0,0,0,0, EEulerSequence_Extrinsic_XYZ,0,0,60,0,0,0, EEulerSequence_Extrinsic_XYZ,2.155555,0,10,1108,0,0, EEulerSequence_Extrinsic_XYZ,88.18
278,0,0,0,0,0,0, EEulerSequence_Extrinsic_XYZ,0,0,60,0,0,0, EEulerSequence_Extrinsic_XYZ,2.177778,0,10,1112,0,0, EEulerSequence_Extrinsic_XYZ,88.18
279,0,0,0,0,0,0, EEulerSequence_Extrinsic_XYZ,0,0,60,0,0,0, EEulerSequence_Extrinsic_XYZ,2.2,0,10,1116,0,0, EEulerSequence_Extrinsic_XYZ,88.18
280,0,0,0,0,0,0, EEulerSequence_Extrinsic_XYZ,0,0,60,0,0,0, EEulerSequence_Extrinsic_XYZ,2.222222,0,10,1120,0,0, EEulerSequence_Extrinsic_XYZ,88.18
281,0,0,0,0,0,0, EEulerSequence_Extrinsic_XYZ,0,0,60,0,0,0, EEulerSequence_Extrinsic_XYZ,2.244444,0,10,1124,0,0, EEulerSequence_Extrinsic_XYZ,88.18
282,0,0,0,0,0,0, EEulerSequence_Extrinsic_XYZ,0,0,60,0,0,0, EEulerSequence_Extrinsic_XYZ,2.266667,0,10,1128,0,0, EEulerSequence_Extrinsic_XYZ,88.18
283,0,0,0,0,0,0, EEulerSequence_Extrinsic_XYZ,0,0,60,0,0,0, EEulerSequence_Extrinsic_XYZ,2.288889,0,10,1132,0,0, EEulerSequence_Extrinsic_XYZ,88.18
284,0,0,0,0,0,0, EEulerSequence_Extrinsic_XYZ,0,0,60,0,0,0, EEulerSequence_Extrinsic_XYZ,2.311111,0,10,1136,0,0, EEulerSequence_Extrinsic_XYZ,88.18
285,0,0,0,0,0,0, EEulerSequence_Extrinsic_XYZ,0,0,60,0,0,0, EEulerSequence_Extrinsic_XYZ,2.333333,0,10,1140,0,0, EEulerSequence_Extrinsic_XYZ,88.18
286,0,0,0,0,0,0, EEulerSequence_Extrinsic_XYZ,0,0,60,0,0,0, EEulerSequence_Extrinsic_XYZ,2.355556,0,10,1144,0,0, EEulerSequence_Extrinsic_XYZ,88.18
287,0,0,0,0,0,0, EEulerSequence_Extrinsic_XYZ,0,0,60,0,0,0, EEulerSequence_Extrinsic_XYZ,2.377778,0,10,1148,0,0, EEulerSequence_Extrinsic_XYZ,88.18
288,0,0,0,0,0,0, EEulerSequence_Extrinsic_XYZ,0,0,60,0,0,0, EEulerSequence_Extrinsic_XYZ,2.4,0,10,1152,0,0, EEulerSequence_Extrinsic_XYZ,88.18
289,0,0,0,0,0,0, EEulerSequence_Extrinsic_XYZ,0,0,60,0,0,0, EEulerSequence_Extrinsic_XYZ,2.422222,0,10,1156,0,0, EEulerSequence_Extrinsic_XYZ,88.18
290,0,0,0,0,0,0, EEulerSequence_Extrinsic_XYZ,0,0,60,0,0,0, EEulerSequence_Extrinsic_XYZ,2.444444,0,10,1160,0,0, EEulerSequence_Extrinsic_XYZ,88.18
291,0,0,0,0,0,0, EEulerSequence_Extrinsic_XYZ,0,0,60,0,0,0, EEulerSequence_Extrinsic_XYZ,2.466667,0,10,1164,0,0, EEulerSequence_Extrinsic_XYZ,88.18
292,0,0,0,0,0,0, EEulerSequence_Extrinsic_XYZ,0,0,60,0,0,0, EEulerSequence_Extrinsic_XYZ,2.488889,0,10,1168,0,0, EEulerSequence_Extrinsic_XYZ,88.18
293,0,0,0,0,0,0, EEulerSequence_Extrinsic_XYZ,0,0,60,0,0,0, EEulerSequence_Extrinsic_XYZ,2.511111,0,10,1172,0,0, EEulerSequence_Extrinsic_XYZ,88.18
294,0,0,0,0,0,0, EEulerSequence_Extrinsic_XYZ,0,0,60,0,0,0, EEulerSequence_Extrinsic_XYZ,2.533333,0,10,1176,0,0, EEulerSequence_Extrinsic_XYZ,88.18
295,0,0,0,0,0,0, EEulerSequence_Extrinsic_XYZ,0,0,60,0,0,0, EEulerSequence_Extrinsic_XYZ,2.555556,0,10,1180,0,0, EEulerSequence_Extrinsic_XYZ,88.18
296,0,0,0,0,0,0, EEulerSequence_Extrinsic_XYZ,0,0,60,0,0,0, EEulerSequence_Extrinsic_XYZ,2.577778,0,10,1184,0,0, EEulerSequence_Extrinsic_XYZ,88.18
297,0,0,0,0,0,0, EEulerSequence_Extrinsic_XYZ,0,0,60,0,0,0, EEulerSequence_Extrinsic_XYZ,2.6,0,10,1188,0,0, EEulerSequence_Extrinsic_XYZ,88.18
298,0,0,0,0,0,0, EEulerSequence_Extrinsic_XYZ,0,0,60,0,0,0, EEulerSequence_Extrinsic_XYZ,2.622222,0,10,1192,0,0, EEulerSequence_Extrinsic_XYZ,88.18
299,0,0,0,0,0,0, EEulerSequence_Extrinsic_XYZ,0,0,60,0,0,0, EEulerSequence_Extrinsic_XYZ,2.644444,0,10,1196,0,0, EEulerSequence_Extrinsic_XYZ,88.18
300,0,0,0,0,0,0, EEulerSequence_Extrinsic_XYZ,0,0,60,0,0,0, EEulerSequence_Extrinsic_XYZ,2.666667,0,10,1200,0,0, EEulerSequence_Extrinsic_XYZ,88.18
301,0,0,0,0,0,0, EEulerSequence_Extrinsic_XYZ,0,0,60,0,0,0, EEulerSequence_Extrinsic_XYZ,2.688889,0,10,1204,0,0, EEulerSequence_Extrinsic_XYZ,88.18
302,0,0,0,0,0,0, EEulerSequence_Extrinsic_XYZ,0,0,60,0,0,0, EEulerSequence_Extrinsic_XYZ,2.711111,0,10,1208,0,0, EEulerSequence_Extrinsic_XYZ,88.18
303,0,0,0,0,0,0, EEulerSequence_Extrinsic_XYZ,0,0,60,0,0,0, EEulerSequence_Extrinsic_XYZ,2.733333,0,10,1212,0,0, EEulerSequence_Extrinsic_XYZ,88.18
304,0,0,0,0,0,0, EEulerSequence_Extrinsic_XYZ,0,0,60,0,0,0, EEulerSequence_Extrinsic_XYZ,2.755556,0,10,1216,0,0, EEulerSequence_Extrinsic_XYZ,88.18
305,0,0,0,0,0,0, EEulerSequence_Extrinsic_XYZ,0,0,60,0,0,0, EEulerSequence_Extrinsic_XYZ,2.777778,0,10,1220,0,0, EEulerSequence_Extrinsic_XYZ,88.18
306,0,0,0,0,0,0, EEulerSequence_Extrinsic_XYZ,0,0,60,0,0,0, EEulerSequence_Extrinsic_XYZ,2.8,0,10,1224,0,0, EEulerSequence_Extrinsic_XYZ,88.18
307,0,0,0,0,0,0, EEulerSequence_Extrinsic_XYZ,0,0,60,0,0,0, EEulerSequence_Extrinsic_XYZ,2.822222,0,10,1228,0,0, EEulerSequence_Extrinsic_XYZ,88.18
308,0,0,0,0,0,0, EEulerSequence_Extrinsic_XYZ,0,0,60,0,0,0, EEulerSequence_Extrinsic_XYZ,2.844445,0,10,1232,0,0, EEulerSequence_Extrinsic_XYZ,88.18
309,0,0,0,0,0,0, EEulerSequence_Extrinsic_XYZ,0,0,60,0,0,0, EEulerSequence_Extrinsic_XYZ,2.866667,0,10,1236,0,0, EEulerSequence_Extrinsic_XYZ,88.18
310,0,0,0,0,0,0, EEulerSequence_Extrinsic_XYZ,0,0,60,0,0,0, EEulerSequence_Extrinsic_XYZ,2.888889,0,10,1240,0,0, EEulerSequence_Extrinsic_XYZ,88.18
311,0,0,0,0,0,0, EEulerSequence_Extrinsic_XYZ,0,0,60,0,0,0, EEulerSequence_Extrinsic_XYZ,2.911111,0,10,1244,0,0, EEulerSequence_Extrinsic_XYZ,88.18
312,0,0,0,0,0,0, EEulerSequence_Extrinsic_XYZ,0,0,60,0,0,0, EEulerSequence_Extrinsic_XYZ,2.933333,0,10,1248,0,0, EEulerSequence_Extrinsic_XYZ,88.18
313,0,0,0,0,0,0, EEulerSequence_Extrinsic_XYZ,0,0,60,0,0,0, EEulerSequence_Extrinsic_XYZ,2.955555,0,10,1252,0,0, EEulerSequence_Extrinsic_XYZ,88.18
314,0,0,0,0,0,0, EEulerSequence_Extrinsic_XYZ,0,0,60,0,0,0, EEulerSequence_Extrinsic_XYZ,2.977778,0,10,1256,0,0, EEulerSequence_Extrinsic_XYZ,88.18
315,0,0,0,0,0,0, EEulerSequence_Extrinsic_XYZ,0,0,60,0,0,0, EEulerSequence_Extrinsic_XYZ,3,0,10,1260,0,0, EEulerSequence_Extrinsic_XYZ,88.18
316,0,0,0,0,0,0, EEulerSequence_Extrinsic_XYZ,0,0,60,0,0,0, EEulerSequence_Extrinsic_XYZ,3.022222,0,10,1264,0,0, EEulerSequence_Extrinsic_XYZ,88.18
317,0,0,0,0,0,0, EEulerSequence_Extrinsic_XYZ,0,0,60,0,0,0, EEulerSequence_Extrinsic_XYZ,3.044445,0,10,1268,0,0, EEulerSequence_Extrinsic_XYZ,88.18
318,0,0,0,0,0,0, EEulerSequence_Extrinsic_XYZ,0,0,60,0,0,0, EEulerSequence_Extrinsic_XYZ,3.066667,0,10,1272,0,0, EEulerSequence_Extrinsic_XYZ,88.18
319,0,0,0,0,0,0, EEulerSequence_Extrinsic_XYZ,0,0,60,0,0,0, EEulerSequence_Extrinsic_XYZ,3.088889,0,10,1276,0,0, EEulerSequence_Extrinsic_XYZ,88.18
320,0,0,0,0,0,0, EEulerSequence_Extrinsic_XYZ,0,0,60,0,0,0, EEulerSequence_Extrinsic_XYZ,3.111111,0,10,1280,0,0, EEulerSequence_Extrinsic_XYZ,88.18
321,0,0,0,0,0,0, EEulerSequence_Extrinsic_XYZ,0,0,60,0,0,0, EEulerSequence_Extrinsic_XYZ,3.133333,0,10,1284,0,0, EEulerSequence_Extrinsic_XYZ,88.18
322,0,0,0,0,0,0, EEulerSequence_Extrinsic_XYZ,0,0,60,0,0,0, EEulerSequence_Extrinsic_XYZ,3.155555,0,10,1288,0,0, EEulerSequence_Extrinsic_XYZ,88.18
323,0,0,0,0,0,0, EEulerSequence_Extrinsic_XYZ,0,0,60,0,0,0, EEulerSequence_Extrinsic_XYZ,3.177778,0,10,1292,0,0, EEulerSequence_Extrinsic_XYZ,88.18
324,0,0,0,0,0,0, EEulerSequence_Extrinsic_XYZ,0,0,60,0,0,0, EEulerSequence_Extrinsic_XYZ,3.2,0,10,1296,0,0, EEulerSequence_Extrinsic_XYZ,88.18
325,0,0,0,0,0,0, EEulerSequence_Extrinsic_XYZ,0,0,60,0,0,0, EEulerSequence_Extrinsic_XYZ,3.222222,0,10,1300,0,0, EEulerSequence_Extrinsic_XYZ,88.18
326,0,0,0,0,0,0, EEulerSequence_Extrinsic_XYZ,0,0,60,0,0,0, EEulerSequence_Extrinsic_XYZ,3.244444,0,10,1304,0,0, EEulerSequence_Extrinsic_XYZ,88.18
327,0,0,0,0,0,0, EEulerSequence_Extrinsic_XYZ,0,0,60,0,0,0, EEulerSequence_Extrinsic_XYZ,3.266667,0,10,1308,0,0, EEulerSequence_Extrinsic_XYZ,88.18
328,0,0,0,0,0,0, EEulerSequence_Extrinsic_XYZ,0,0,60,0,0,0, EEulerSequence_Extrinsic_XYZ,3.288889,0,10,1312,0,0, EEulerSequence_Extrinsic_XYZ,88.18
329,0,0,0,0,0,0, EEulerSequence_Extrinsic_XYZ,0,0,60,0,0,0, EEulerSequence_Extrinsic_XYZ,3.311111,0,10,1316,0,0, EEulerSequence_Extrinsic_XYZ,88.18
330,0,0,0,0,0,0, EEulerSequence_Extrinsic_XYZ,0,0,60,0,0,0, EEulerSequence_Extrinsic_XYZ,3.333333,0,10,1320,0,0, EEulerSequence_Extrinsic_XYZ,88.18
331,0,0,0,0,0,0, EEulerSequence_Extrinsic_XYZ,0,0,60,0,0,0, EEulerSequence_Extrinsic_XYZ,3.355556,0,10,1324,0,0, EEulerSequence_Extrinsic_XYZ,88.18
332,0,0,0,0,0,0, EEulerSequence_Extrinsic_XYZ,0,0,60,0,0,0, EEulerSequence_Extrinsic_XYZ,3.377778,0,10,1328,0,0, EEulerSequence_Extrinsic_XYZ,88.18
333,0,0,0,0,0,0, EEulerSequence_Extrinsic_XYZ,0,0,60,0,0,0, EEulerSequence_Extrinsic_XYZ,3.4,0,10,1332,0,0, EEulerSequence_Extrinsic_XYZ,88.18
334,0,0,0,0,0,0, EEulerSequence_Extrinsic_XYZ,0,0,60,0,0,0, EEulerSequence_Extrinsic_XYZ,3.422222,0,10,1336,0,0, EEulerSequence_Extrinsic_XYZ,88.18
335,0,0,0,0,0,0, EEulerSequence_Extrinsic_XYZ,0,0,60,0,0,0, EEulerSequence_Extrinsic_XYZ,3.444444,0,10,1340,0,0, EEulerSequence_Extrinsic_XYZ,88.18
336,0,0,0,0,0,0, EEulerSequence_Extrinsic_XYZ,0,0,60,0,0,0, EEulerSequence_Extrinsic_XYZ,3.466667,0,10,1344,0,0, EEulerSequence_Extrinsic_XYZ,88.18
337,0,0,0,0,0,0, EEulerSequence_Extrinsic_XYZ,0,0,60,0,0,0, EEulerSequence_Extrinsic_XYZ,3.488889,0,10,1348,0,0, EEulerSequence_Extrinsic_XYZ,88.18
338,0,0,0,0,0,0, EEulerSequence_Extrinsic_XYZ,0,0,60,0,0,0, EEulerSequence_Extrinsic_XYZ,3.511111,0,10,1352,0,0, EEulerSequence_Extrinsic_XYZ,88.18
339,0,0,0,0,0,0, EEulerSequence_Extrinsic_XYZ,0,0,60,0,0,0, EEulerSequence_Extrinsic_XYZ,3.533333,0,10,1356,0,0, EEulerSequence_Extrinsic_XYZ,88.18
340,0,0,0,0,0,0, EEulerSequence_Extrinsic_XYZ,0,0,60,0,0,0, EEulerSequence_Extrinsic_XYZ,3.555556,0,10,1360,0,0, EEulerSequence_Extrinsic_XYZ,88.18
341,0,0,0,0,0,0, EEulerSequence_Extrinsic_XYZ,0,0,60,0,0,0, EEulerSequence_Extrinsic_XYZ,3.577778,0,10,1364,0,0, EEulerSequence_Extrinsic_XYZ,88.18
342,0,0,0,0,0,0, EEulerSequence_Extrinsic_XYZ,0,0,60,0,0,0, EEulerSequence_Extrinsic_XYZ,3.6,0,10,1368,0,0, EEulerSequence_Extrinsic_XYZ,88.18
343,0,0,0,0,0,0, EEulerSequence_Extrinsic_XYZ,0,0,60,0,0,0, EEulerSequence_Extrinsic_XYZ,3.622222,0,10,1372,0,0, EEulerSequence_Extrinsic_XYZ,88.18
344,0,0,0,0,0,0, EEulerSequence_Extrinsic_XYZ,0,0,60,0,0,0, EEulerSequence_Extrinsic_XYZ,3.644444,0,10,1376,0,0, EEulerSequence_Extrinsic_XYZ,88.18
345,0,0,0,0,0,0, EEulerSequence_Extrinsic_XYZ,0,0,60,0,0,0, EEulerSequence_Extrinsic_XYZ,3.666667,0,10,1380,0,0, EEulerSequence_Extrinsic_XYZ,88.18
346,0,0,0,0,0,0, EEulerSequence_Extrinsic_XYZ,0,0,60,0,0,0, EEulerSequence_Extrinsic_XYZ,3.688889,0,10,1384,0,0, EEulerSequence_Extrinsic_XYZ,88.18
347,0,0,0,0,0,0, EEulerSequence_Extrinsic_XYZ,0,0,60,0,0,0, EEulerSequence_Extrinsic_XYZ,3.711111,0,10,1388,0,0, EEulerSequence_Extrinsic_XYZ,88.18
348,0,0,0,0,0,0, EEulerSequence_Extrinsic_XYZ,0,0,60,0,0,0, EEulerSequence_Extrinsic_XYZ,3.733333,0,10,1392,0,0, EEulerSequence_Extrinsic_XYZ,88.18
349,0,0,0,0,0,0, EEulerSequence_Extrinsic_XYZ,0,0,60,0,0,0, EEulerSequence_Extrinsic_XYZ,3.755556,0,10,1396,0,0, EEulerSequence_Extrinsic_XYZ,88.18
350,0,0,0,0,0,0, EEulerSequence_Extrinsic_XYZ,0,0,60,0,0,0, EEulerSequence_Extrinsic_XYZ,3.777778,0,10,1400,0,0, EEulerSequence_Extrinsic_XYZ,88.18
351,0,0,0,0,0,0, EEulerSequence_Extrinsic_XYZ,0,0,60,0,0,0, EEulerSequence_Extrinsic_XYZ,3.8,0,10,1404,0,0, EEulerSequence_Extrinsic_XYZ,88.18
352,0,0,0,0,0,0, EEulerSequence_Extrinsic_XYZ,0,0,60,0,0,0, EEulerSequence_Extrinsic_XYZ,3.822222,0,10,1408,0,0, EEulerSequence_Extrinsic_XYZ,88.18
353,0,0,0,0,0,0, EEulerSequence_Extrinsic_XYZ,0,0,60,0,0,0, EEulerSequence_Extrinsic_XYZ,3.844445,0,10,1412,0,0, EEulerSequence_Extrinsic_XYZ,88.18
354,0,0,0,0,0,0, EEulerSequence_Extrinsic_XYZ,0,0,60,0,0,0, EEulerSequence_Extrinsic_XYZ,3.866667,0,10,1416,0,0, EEulerSequence_Extrinsic_XYZ,88.18
355,0,0,0,0,0,0, EEulerSequence_Extrinsic_XYZ,0,0,60,0,0,0, EEulerSequence_Extrinsic_XYZ,3.888889,0,10,1420,0,0, EEulerSequence_Extrinsic_XYZ,88.18
356,0,0,0,0,0,0, EEulerSequence_Extrinsic_XYZ,0,0,60,0,0,0, EEulerSequence_Extrinsic_XYZ,3.911111,0,10,1424,0,0, EEulerSequence_Extrinsic_XYZ,88.18
357,0,0,0,0,0,0, EEulerSequence_Extrinsic_XYZ,0,0,60,0,0,0, EEulerSequence_Extrinsic_XYZ,3.933333,0,10,1428,0,0, EEulerSequence_Extrinsic_XYZ,88.18
358,0,0,0,0,0,0, EEulerSequence_Extrinsic_XYZ,0,0,60,0,0,0, EEulerSequence_Extrinsic_XYZ,3.955555,0,10,1432,0,0, EEulerSequence_Extrinsic_XYZ,88.18
359,0,0,0,0,0,0, EEulerSequence_Extrinsic_XYZ,0,0,60,0,0,0, EEulerSequence_Extrinsic_XYZ,3.977778,0,10,1436,0,0, EEulerSequence_Extrinsic_XYZ,88.18
